33/92,None
157/44,Invisible
33/93,Leather Highboots
33/94,Plate Leggings
33/95,Solea
33/96,Shinobi Kyahan
33/97,Greaves
33/98,Lizard Ledelsens
33/99,Raptor Ledelsens
33/100,Hume F Boots
33/101,Sune-Ate
33/102,Shoes
33/103,Moccasins
33/104,Royal Squire's Sollerets
33/105,Royal Knight's Sollerets
33/106,Leggings
33/107,Bronze Leggings
33/108,Bone Leggings
33/109,Kyahan
33/110,Chestnut Sabots
33/111,Tactician Magician's Pigaches
33/112,Ash Clogs
33/113,Gaiters
33/114,Dst. Sabatons
33/115,Socks
33/116,Battle Boots
33/117,Iron Musketeer's Sabatons
33/118,Centurion's Greaves
33/119,Gavial Greaves
33/120,Scale Greaves
33/121,Mythril Leggings
33/122,Judge's Greaves (GM)
33/123,Custom F Boots
93/64,Fighter's Calligae (WAR AF1)
93/65,Temple Hose (MNK AF1)
93/66,Healer's Duckbills (WHM AF1)
93/67,Wizard's Sabots (BLM AF1)
93/68,Warlock's Boots (RDM AF1)
93/69,Rogue's Poulaines (THF AF1)
96/4,Gallant Leggings (PLD AF1)
96/5,Chaos Sollerets (DRK AF1)
96/6,Beast Gaiters (BST AF1)
96/7,Choral Slippers (BRD AF1)
96/8,Hunter's Socks (RNG AF1)
98/74,Myochin Sune-Ate (SAM AF1)
98/75,Ninja Kyahan (NIN AF1)
98/76,Drachen Greaves (DRG AF1)
98/77,Evoker's Pigaches (SMN AF1)
162/55,Magus Charuqs (BLU AF1)
160/100,Corsair's Bottes (COR AF1)
163/13,Puppetry Babouches (PUP AF1)
189/37,Dancer's Shoes (DNC AF1)
189/38,Scholar's Loafers (SCH AF1)
119/8,Tiger Ledelsens
119/9,Iron Greaves
120/41,Steel Greaves
120/42,Coeurl Ledelsens
120/43,Adaman Sabatons
120/44,Coral Leggings
120/45,Noble's Pumps
120/46,Thick Sollerets
120/47,Arhat's Sune-Ate
120/48,Dragon Greaves
124/34,Rasetsu Sune-Ate
124/35,Crimson Greaves
124/36,Adaman Sollerets
124/37,Ogre Ledelsens
124/38,Koenig Schuhs
125/45,War Boots
126/20,Yasha Sune-Ate
126/21,Suzaku's Sune-Ate
126/22,Hecatomb Leggings
126/23,Errant Pigaches
126/24,Fisherman's Boots
126/25,Chocobo Boots
126/26,Vagabond's Boots
129/26,Field Boots
129/27,Shura Sune-Ate
129/28,Zenith Pumps
129/29,Dusk Ledelsens
129/30,Dragon Leggings
132/38,Warrior's Calligae (WAR AF2)
132/39,Melee Gaiters (MNK AF2)
132/40,Cleric's Duckbills (WHM AF2)
132/41,Sorcerer's Sabots (BLM AF2)
132/42,Duelist's Boots (RDM AF2)
132/43,Assassin's Poulaines (THF AF2)
132/44,Valor Leggings (PLD AF2)
132/45,Abyss Sollerets (DRK AF2)
132/46,Monster Gaiters (BST AF2)
132/47,Bard's Slippers (BRD AF2)
132/48,Scout's Socks (RNG AF2)
132/49,Saotome Sune-Ate (SAM AF2)
132/50,Koga Kyahan (NIN AF2)
132/51,Wyrm Greaves (DRG AF2)
132/52,Summoner's Pigaches (SMN AF2)
214/81,Mirage Charuqs (BLU AF2)
214/82,Commodore Bottes (COR AF2)
214/83,Pantin Babouches (PUP AF2)
217/119,Etoile Shoes (DNC AF2)
217/77,Argute Loafers (SCH AF2)
132/53,Austere Sabots
132/54,Opaline Boots
137/20,Waders
144/5,Hydra Spats
144/6,Shade Leggings
144/7,Garish Pumps
144/8,Seer's Pumps
144/9,Hydra Gaiters
144/10,Noct Gaiters
145/101,Bison Gamashes
145/102,Sha'ir Crackows
146/44,Barone Gambieras
146/83,Igqira Huaraches
148/17,Eisenschuhs
149/11,Lord's Sabatons
150/37,Hachiman Sune-Ate
150/38,Blessed Pumps
151/46,Wise Pigaches
153/17,Unicorn Leggings
153/54,Trader's Pigaches
154/59,Alumine Solerets
154/121,Black Sollerets
157/85,Nashira Crackows
158/22,Homam Gambieras
158/90,Trader's Pigaches (Black)
158/125,Crow Gaiters
153/101,Hydra Sollerets
160/65,Hydra Boots
163/14,Sipahi Boots
163/15,Jaridah Nails
166/4,Amir Boots
166/5,Pahluwan Crackows
166/6,Yigit Crackows
174/74,Ares's Sollerets
174/75,Skadi's Jambeaux
175/96,Usukane Sune-Ate
175/97,Marduk's Crackows
175/98,Morrigan's Pigaches
182/93,Goliard Clogs
182/10,Denali Gamashes
182/92,Askar Gambieras
185/94,Shadow Sabatons
185/127,Shadow Clogs
196/117,Dream Boots
199/52,Cobra Unit Boots
200/83,Cobra Unit Sabots
201/26,Iron Ram Sollerets
198/113,Fourth Division Boots
196/118,Bastokan Armor
195/83,Karasutengu Kogake
207/34,Hachiryu Sune-Ate
217/78,Noble Poulaines
219/64,Gothic Sabatons
235/111,Ebon Sabatons
235/112,Furia Sabatons
235/113,Ebur Sabatons
235/114,Ebon Greaves
235/115,Furia Greaves
235/116,Ebur Greaves
235/117,Ebon Sollerets
235/118,Furia Sollerets
235/119,Ebur Sollerets
235/120,Ebon Leggings
235/121,Furia Leggings
235/122,Ebur Leggings
228/10,Ebon Boots
228/11,Furia Boots
228/12,Ebur Boots
228/13,Ebon Socks
228/14,Furia Socks
228/15,Ebur Socks
228/16,Shikkoku Sune-ate
228/17,Shinku Sune-ate
228/18,Ginhaku Sune-ate
228/19,Ebon Gaiters
229/116,Furia Gaiters
229/117,Ebur Gaiters
232/57,Ebon Brogues
232/58,Furia Brogues
232/59,Ebur Brogues
232/60,Ebon Sabots
232/61,Furia Sabots
232/62,Ebur Sabots
232/63,Ebon Galoshes
232/64,Furia Galoshes
232/65,Ebur Galoshes
232/66,Ebon Clogs
232/67,Furia Clogs
232/68,Ebur Clogs
240/77,Spritewarden's Sabatons
247/108,Serpentes Sabots
247/109,Praeda Sabatons
247/110,Augur's Gaiters
247/111,Perle Solerets
247/112,Teal Pigaches
247/113,Aurore Gaiters
241/22,Goetia Sabots (BLM AF3)
241/23,Creed Sabatons (PLD AF3)
244/5,Ravager's Calligae (WAR AF3)
244/6,Estoqueur's Houseeaux (RDM AF3)
251/74,Tantra Gaiters (MNK AF3)
251/75,Raider's Poulaines (THF AF3)
251/76,Bale Sollerets (DRK AF3)
251/77,Ferine Ocreae (BST AF3)
251/78,Aoidos' Cothurnes (BRD AF3)
251/79,Unkai Sune-Ate (SAM AF3)
251/80,Iga Kyahan (NIN AF3)
251/81,Lancer's Schynbalds (DRG AF3)
251/82,Mavi Basmak (BLU AF3)
251/83,Navarch's Bottes (COR AF3)
251/84,Cirque Scarpe (PUP AF3)
251/85,Savant's Loafers (SCH AF3)
254/27,Orison Duckbills (WHM AF3)
254/83,Charis Toeshoes (DNC AF3)
256/35,Sylvan Bottillons (RNG AF3)
256/36,Caller's Pigaches (SMN AF3)
264/34,Calmecac Leggings
264/35,Jingang Greaves
264/36,Menhit Leggings
271/62,Ogier's Leggings
271/63,Athos's Boots
271/64,Rubeus Boots
277/82,Kheper Gamashes
277/83,Paean Boots
277/84,Auspex Nails
277/85,Hrafn Gambieras
277/86,Tenryu Sune-Ate
280/99,???
280/100,???
282/50,Dux Greaves
282/51,Chelona Boots
286/94, Geomancy sandals (GEO AF1)
292/43, Runeist bottes (RUN AF1)
290/67, Karieyh Sollerets
290/68, Thurandaut Boots
290/69, Orvail Souliers
290/70, Morass boots
292/42, Chocaliztli / Whirlpool
301/3, Mikinaak Greaves
301/4, Manibozho Boots
301/5, Bokwus Boots
304/23, Uk'uxkaj boots
304/123, Bagua sandals (GEO AF2)
305/62, Futhark bottes (RUN AF2)
305/63, Gorney Sollerets
305/64, Shneddick Boots
305/65, Weatherspoon Souliers
310/69, Thatch boots
312/41, Qaaxo Leggings
312/42, Artsieq Boots
312/43, Xaddi Boots
315/61, Erilaz greaves (RUN AF3)
324/118, Punchinellos
327/9, Azimuth Gaiters
327/100, Pupil's Shoes
329/48, Despair greaves
329/49, Pursuer's gaiters
329/50, Psycloth shoes
329/51, Eschite greaves
329/52, Rawhide boots
329/53, Naga kyahan
329/54, Vanya clogs
336/3, Founder's greaves
336/4, Starlet boots
343/79, Composer's sabots
343/80, Odyssean greaves
343/81, Valorus greaves
346/19, Merlinic crackows
348/54, Chironic slippers
349/46, Herculean boots
307/46, Alliance boots
362/39,Malignance Boots
366/36,Ikenga's Clogs
366/37,Gleti's Boots
366/38,Sakpata's Leggings
366/39,Mpaca's Boots
366/40,Agwu's Pigaches
366/41,Bunzi's Sabots
368/100,Nyame Solerets
369/86,Ziamet Nails