28/52,None
157/42,Invisible
28/53,Leather Gloves
28/54,Gauntlets
28/55,Mitts
28/56,Shinobi Tekko
28/57,Chain Mittens
28/58,Lizard Gloves
28/59,Raptor Gloves
28/60,Hume M Gloves
28/61,Kote
28/62,Linen Mitts
28/63,Black Mitts
28/64,Royal Squire's Mufflers
28/65,Royal Knight's Mufflers
28/66,Iron Mittens
28/67,Bronze Mittens
28/68,Bone Mittens
28/69,Tekko
28/70,Wool Cuffs
28/71,Tactician Magician's Cuffs
28/72,Cuffs
28/73,Gloves
28/74,Darksteel Gauntlets
28/75,Bracers
28/76,Battle Bracers
28/77,Iron Musketeer's Gauntlets
28/78,Centurion's Finger Gauntlets
28/79,Gavial Finger Gauntlets
28/80,Scale Finger Gauntlets
28/81,Mythril Gauntlets
28/82,Judge's Gauntlets (GM)
28/83,Custom M Gloves
93/16,Fighter's Mufflers (WAR AF1)
93/17,Temple Gloves (MNK AF1)
93/18,Healer's Mitts (WHM AF1)
93/19,Wizard's Gloves (BLM AF1)
93/20,Warlock's Gloves (RDM AF1)
93/21,Rogue's Armlets (THF AF1)
95/97,Gallant Gauntlets (PLD AF1)
95/98,Chaos Gauntlets (DRK AF1)
95/99,Beast Gloves (BST AF1)
95/100,Choral Cuffs (BRD AF1)
95/101,Hunter's Bracers (RNG AF1)
98/35,Myochin Kote (SAM AF1)
98/36,Ninja Tekko (NIN AF1)
98/37,Drachen Finger Gauntlets (DRG AF1)
98/38,Evoker's Bracers (SMN AF1)
157/59,Magus Bazubands (BLU AF1)
160/93,Corsair's Gants (COR AF1)
163/93,Puppetry Dastanas (PUP AF1)
189/23,Dancer's Bangles (DNC AF1)
189/24,Scholar's Bracers (SCH AF1)
118/124,Tiger Gloves
118/125,Iron Finger Gauntlets
119/108,Steel Finger Gauntlets
119/109,Coeurl Gloves
119/110,Adaman Gauntlets
119/111,Coral Mittens
119/112,Noble's Mitts
119/113,Thick Mufflers
119/114,Arhat's Tekko
119/115,Dragon Finger Gauntlets
123/127,Rasetsu Tekko
124/0,Crimson Finger Gauntlets
124/1,Adaman Mufflers
124/2,Ogre Gloves
124/3,Koenig Handschuhs
125/38,War Gloves
125/91,Yasha Tekko
125/92,Seiryu's Kote
125/93,Hecatomb Mittens
125/94,Errant Cuffs
125/95,Fisherman's Gloves
125/96,Chocobo Gloves
125/97,Vagabond's Gloves
128/113,Field Gloves
128/114,Shura Kote
128/115,Zenith Mitts
128/116,Carapace Gauntlets
128/117,Dusk Gloves
128/118,Dragon Mittens
131/46,Warrior's Mufflers (WAR AF2)
131/47,Melee Gloves (MNK AF2)
131/48,Cleric's Mitts (WHM AF2)
131/49,Sorcerer's Gloves (BLM AF2)
131/50,Duelist's Gloves (RDM AF2)
131/51,Assassin's Armlets (THF AF2)
131/52,Valor Gauntlets (PLD AF2)
131/53,Abyss Gauntlets (DRK AF2)
131/54,Monster Gloves (BST AF2)
131/55,Bard's Cuffs (BRD AF2)
131/56,Scout's Bracers (RNG AF2)
131/57,Saotome Kote (SAM AF2)
131/58,Koga Tekko (NIN AF2)
131/59,Wyrm Finger Gauntlets (DRG AF2)
131/60,Summoner's Bracers (SMN AF2)
212/38,Mirage Bazubands (BLU AF2)
214/22,Commodore Gants (COR AF2)
212/39,Pantin Dastanas (PUP AF2)
217/112,Etoile Bangles (DNC AF2)
217/69,Argute Bracers (SCH AF2)
131/61,Scorpion Gauntlets
131/62,Austere Cuffs
136/99,Carpenter's Gloves
136/100,Smithy's Mitts 
143/85,Hydra Mitts
143/86,Shade Mittens
143/87,Garish Mitts
143/88,Seer's Mitts
143/89,Hydra Gloves
143/90,Noct Gloves
145/85,Bison Wristbands
145/86,Sha'ir Gages
146/37,Barone Manopolas
146/76,Igqira Manillas
148/10,Eisenhentzes
148/125,Lord's Gauntlets
150/21,Hachiman Kote
150/22,Blessed Mitts
151/39,Wise Gloves
153/10,Unicorn Mittens
153/47,Trader's Cuffs
154/51,Alumine Moufles
154/114,Black Gadlings
157/77,Nashira Gages
158/12,Homam Manopolas
158/83,Trader's Cuffs (Black)
158/118,Crow Bracers
153/88,Hydra Moufles
160/58,Hydra Bracers
161/25,Sipahi Dastanas
161/27,Jaridah Bazubands
161/26,Amir Kolluks
165/30,Pahluwan Dastanas
164/105,Yigit Gages
164/104,Volunteer's Armor
174/33,Ares's Gauntlets
174/34,Skadi's Bazubands
174/55,Usukane Gote
174/56,Marduk's Dastanas
174/57,Morrigan's Cuffs
182/71,Goliard Cuffs
182/2,Denali Wristbands
182/70,Askar Manopolas
185/84,Shadow Gauntlets
185/85,Shadow Cuffs
199/45,Cobra Unit Gloves
200/74,Cobra Unit Mittens
201/17,Iron Ram Dastanas
198/108,Fourth Division Hentzes
196/64,Bastokan Armor
195/80,Orcish Gauntlets
207/28,Hachiryu Kote
219/60,Gothic Gauntlets
225/45,Synergy Gloves
235/27,Ebon Dastanas
235/28,Furia Dastanas
235/29,Ebur Dastanas
235/30,Ebon Mufflers
235/31,Furia Mufflers
235/32,Ebur Mufflers
235/33,Ebon Moufles
235/34,Furia Moufles
235/35,Ebur Moufles
235/36,Ebon Gauntlets
235/37,Furia Gauntlets
235/38,Ebur Gauntlets
227/67,Ebon Gloves
227/68,Furia Gloves
227/69,Ebur Gloves
227/70,Ebon Bracers
227/71,Furia Bracers
227/72,Ebur Bracers
227/73,Shikkoku Kote
227/74,Shinku Kote
227/75,Ginhaku Kote
227/76,Ebon Wristbands
229/102,Furia Wristbands
229/103,Ebur Wristbands
231/101,Ebon Gants
231/102,Furia Gants
231/103,Ebur Gants
231/104,Ebon Cuffs
231/105,Furia Cuffs
231/106,Ebur Cuffs
231/107,Ebon Gages
231/108,Furia Gages
231/109,Ebur Gages
231/110,Ebon Mitts
231/111,Furia Mitts
231/112,Ebur Mitts
239/41,Purple Gloves
247/65,Serpentes Cuffs
247/66,Praeda Gauntlets
247/67,Timarli Dastanas
247/68,Augur's Gloves
247/69,Ocelot Gloves
220/69,Perle Moufles
220/70,Teal Cuffs
220/71,Aurore Gloves
240/70,Goetia Gloves (BLM AF3)
240/71,Creed Gauntlets (PLD AF3)
243/119,Ravager's Mufflers (WAR AF3)
243/120,Estoqueur's Gantherots (RDM AF3)
250/118,Tantra Gloves (MNK AF3)
250/119,Raider's Armlets (THF AF3)
250/120,Bale Gauntlets (DRK AF3)
250/121,Ferine Manoplas (BST AF3)
250/122,Aoidos' Manchettes (BRD AF3)
250/123,Unkai Kote (SAM AF3)
250/124,Iga Tekko (NIN AF3)
250/125,Lancer Vambraces (DRG AF3)
250/126,Mavi Bazuband (BLU AF3)
250/127,Navarch's Gants (COR AF3)
251/0,Cirque Guanti (PUP AF3)
251/1,Savant's Bracers (SCH AF3)
254/20,Orison Mitts (WHM AF3)
254/76,Charis Bangles (DNC AF3)
255/15,Sylvan Glovelettes (RNG AF3)
255/16,Caller's Bracers (SMN AF3)
268/17,Kheper Wristbands
268/18,Paean Cuffs
270/67,Brego Gloves
271/36,Ogier's Gauntlets
271/37,Athos's Gloves
271/38,Rubeus Gloves
277/52,Auspex Gages
277/53,Hrafn Gauntlets
277/54,Tenryu Tekko
280/85,Palaaka gloves
280/86,Aneirin's gloves
280/87,Alcedo gauntlets
282/36,Dux Finger Gauntlets
282/37,Chelona Gloves
287/73,Dream Mittens
286/87, Geomancy mitaines (GEO AF1)
292/28, Runeist mitons (RUN AF1)
290/40, Karieyh Moufles
290/41, Thurandaut Gloves
290/42, Orvail Cuffs
290/43, Councilor's cuffs
292/27, Yaoyotl / Quauhpilli
300/110, Mikinaak Gauntlets
300/111, Manibozho Gloves
300/112, Bokwus Gloves
304/13, Buremte Gloves
304/116, Bagua mitaines (GEO AF2)
305/34, Futhark mitons (RUN AF2)
305/35, Gorney Moufles
305/36, Shneddick Gloves
305/37, Weatherspoon Cuffs
310/60, Work Gloves
312/20, Qaaxo Mitaines
312/21, Artsieq Cuffs
312/22, Xaddi Gauntlets
315/53, Erilaz gauntlets (RUN AF3)
324/102, Crusher's Gauntlets
326/123, Azimuth Gloves (GEO AF3)
328/106, Despair finger gauntlets
328/107, Pursuer's cuffs
328/108, Psycloth manillas
328/109, Eschite gauntlets
328/110, Rawhide gloves
328/111, Naga tekko
328/112, Vanya cuffs
335/104, Founder's gauntlets
335/105, Agent cuffs
343/43, Composer's mitts
343/44, Odyssean gauntlets 
343/45, Valorus mitts
346/12, Merlinic dastanas
348/47, Chironic gloves
349/39, Herculean gloves
352/85,Delegate's Cuffs
362/30,Malignance Gloves
365/107,Ikenga's Gloves
365/108,Gleti's Gauntlets
365/109,Sakpata's Gauntlets
365/110,Mpaca's Gloves
365/111,Agwu's Gages
365/112,Bunzi's Gloves
368/93,Nyame Gauntlets
369/74,Ziamet Bazubands