52/88,None
157/49,Invisible
52/89,Leather Trousers
52/90,Cuisses
52/91,Slacks
52/92,Shinobi Hakama
52/93,Chain Hose
52/94,Lizard Trousers
52/95,Raptor Trousers
52/96,Mithran Loincloth
52/97,Haidate
52/98,Linen Slacks
52/99,White Slacks
52/100,Royal Squire's Breeches
52/101,Royal Knight's Breeches
52/102,Iron Subligar
52/103,Bronze Subligar
52/104,Bone Subligar
52/105,Sitabaki
52/106,Wool Slops
52/107,Tactician Magician's Slops
52/108,Slops
52/109,Brais
52/110,Darksteel Cuisses
52/111,Hose
52/112,Battle Hose
52/113,Iron Musketeer's Cuisses
52/114,Centurion's Cuisses
52/115,Gavial Cuisses
52/116,Scale Cuisses
52/117,Mythril Cuisses
52/118,Savage Loincloth
94/71,Fighter's Cuisses (WAR AF1)
94/72,Temple Gaiters (MNK AF1)
94/73,Healer's Pantaloons (WHM AF1)
94/74,Wizard's Tonban (BLM AF1)
94/75,Warlock's Tights (RDM AF1)
94/76,Rogue's Culotte (THF AF1)
96/99,Gallant Breeches (PLD AF1)
96/100,Chaos Flanchard (DRK AF1)
96/101,Beast Trousers (BST AF1)
96/102,Choral Cannions (BRD AF1)
96/103,Hunter's Braccae (RNG AF1)
99/70,Myochin Haidate (SAM AF1)
99/71,Ninja Hakama (NIN AF1)
99/72,Drachen Brais (DRG AF1)
99/73,Evoker's Spats (SMN AF1)
163/73,Magus Shalwar (BLU AF1)
160/104,Corsair's Culotte (COR AF1)
162/79,Puppetry Churidars (PUP AF1)
198/91,Dancer's Tights (DNC AF1)
198/92,Scholar's Pants (SCH AF1)
119/38,Tiger Trousers
119/39,Iron Cuisses
121/86,Steel Cuisses
121/87,Coeurl Trousers
121/88,Adaman Cuisses
121/89,Coral Subligar
121/90,Noble's Slacks
121/91,Thick Breeches
121/92,Arhat's Hakama
121/93,Dragon Cuisses
125/1,Rasetsu Hakama
125/2,Crimson Cuisses
125/3,Adaman Breeches
125/4,Ogre Trousers
125/5,Koenig Diechlings
125/64,War Brais
127/62,Yasha Hakama
127/63,Byakko's Haidate
127/64,Hecatomb Subligar
127/65,Errant Slops
127/66,Fisherman's Hose
127/67,Chocobo Hose
127/68,Vagabond's Hose
130/13,Field Hose
130/14,Shura Haidate
130/15,Zenith Slacks
130/16,Dusk Trousers
130/17,Dragon Subligar
134/112,Warrior's Cuisses (WAR AF2)
134/113,Melee Hose (MNK AF2)
134/114,Cleric's Pantaloons (WHM AF2)
134/115,Sorcerer's Tonban (BLM AF2)
134/116,Duelist's Tights (RDM AF2)
134/117,Assassin's Culotte (THF AF2)
134/118,Valor Breeches (PLD AF2)
134/119,Abyss Flanchard (DRK AF2)
134/120,Monster Trousers (BST AF2)
134/121,Bard's Cannions (BRD AF2)
134/122,Scout's Braccae (RNG AF2)
134/123,Saotome Haidate (SAM AF2)
134/124,Koga Hakama (NIN AF2)
134/125,Wyrm Brais (DRG AF2)
134/126,Summoner's Spats (SMN AF2)
214/49,Mirage Shalwar (BLU AF2)
214/50,Commodore Culotte (COR AF2)
214/51,Pantin Churidars (PUP AF2)
218/15,Etoile Tights (DNC AF2)
217/100,Argute Pants (SCH AF2)
134/127,Austere Slops
135/0,Opaline Hose
145/15,Hydra Tights
145/16,Shade Tights
145/17,Garish Slacks
145/18,Seer's Slacks
145/19,Hydra Brais
145/20,Noct Brais
146/19,Bison Kecks
146/20,Sha'ir Seraweels
146/63,Barone Cosciales
146/102,Igqira Lappa
148/36,Eisendiechlings
149/58,Lord's Cuisses
150/1,Zodiac Subligar
149/122,Femina Subligar
150/83,Hachiman Hakama
150/84,Blessed Trousers
151/65,Wise Braconi
153/36,Unicorn Subligar
153/73,Trader's Slops
154/84,Alumine Brayettes
155/12,Black Cuisses
157/113,Nashira Seraweels
158/53,Homam Cosciales
158/109,Trader's Slops (Black)
159/16,Crow Hose
154/22,Hydra Brayettes
160/84,Hydra Hose
163/74,Sipahi Zerehs
163/75,Jaridah Salvars
166/65,Amir Dirs
166/66,Pahluwan Seraweels
166/67,Yigit Seraweels
157/38,Mithra Shorts
174/112,Ares's Flanchard
174/113,Skadi's Chausses
176/25,Usukane Hizayoroi
176/26,Marduk's Shalwar
176/27,Morrigan's Slops
183/35,Goliard Trews
182/33,Denali Kecks
183/34,Askar Dirs
185/113,Shadow Cuishes
186/22,Shadow Trews
196/99,Cobra Unit Trousers
200/102,Cobra Unit Slops
201/47,Iron Ram Breeches
199/23,Fourth Division Breeches
199/22,Bastokan Armor
204/75,Savage Shorts
207/49,Hachiryu Haidate
225/28,Blizter Poleyn
225/29,Desultor Tassets
225/30,Tatsumaki Sitagoromo
237/83,Ebon Cuisses
237/84,Furia Cuisses
237/85,Ebur Cuisses
237/86,Ebon Breeches
237/87,Furia Breeches
237/88,Ebur Breeches
237/89,Ebon Brayettes
237/90,Furia Brayettes
237/91,Ebur Brayettes
237/92,Ebon Hose
237/93,Furia Hose
237/94,Ebur Hose
230/61,Ebon Brias
230/62,Furia Brias
230/63,Ebur Brias
230/64,Ebon Braccae
230/65,Furia Braccae
230/66,Ebur Braccae
230/67,Shikkoku Haidate
230/68,Shinku Haidate
230/69,Ginhaku Haidate
230/70,Ebon Tights
230/87,Furia Tights
230/88,Ebur Tights
234/29,Ebon Slacks
234/30,Furia Slacks
234/31,Ebur Slacks
234/32,Ebon Pants
234/33,Furia Pants
234/34,Ebur Pants
234/35,Ebon Spats
234/36,Furia Spats
234/37,Ebur Spats
234/38,Ebon Slops
234/39,Furia Slops
234/40,Ebur Slops
239/6,Dinner Hose
248/116,Teutates Subligar
248/117,Torrent Subligar
248/118,Wicca Subligar
248/119,Augur's Brais
248/120,Ocelot Trousers
248/121,Perle Brayettes
248/122,Teal Slops
248/123,Aurore Brais
241/60,Goetia Chausses (BLM AF3)
241/61,Creed Cuisses (PLD AF3)
244/43,Ravager's Cuisses (WAR AF3)
244/44,Estoqueur's Fuseau (RDM AF3)
253/51,Tantra Hose (MNK AF3)
253/52,Raider's Culottes (THF AF3)
253/53,Bale Flanchard (DRK AF3)
253/54,Ferine Quijotes (BST AF3)
253/55,Aoidos' Rhingrave (BRD AF3)
253/56,Unkai Haidate (SAM AF3)
253/57,Iga Hakama (NIN AF3)
253/58,Lancer's Cuissots (DRG AF3)
253/59,Mavi Tayt (BLU AF3)
253/60,Navarch's Culottes (COR AF3)
253/61,Cirque Pantaloni (PUP AF3)
253/62,Savant's Pants (SCH AF3)
254/46,Orison Pantaloons (WHM AF3)
254/107,Charis Tights (DNC AF3)
256/73,Sylvan Brague (RNG AF3)
256/74,Caller's Spats (SMN AF3)
264/5,Novennial Boots
264/62,Calmecac Trousers
264/63,Calmecac Subligar
264/64,Jingang Hose
264/65,Menhit Slacks
270/104,Triplus Subligar
270/105,Dream Pants
272/6,Ogier's Breeches
272/7,Athos's Tights
272/8,Rubeus Spats
272/9,Praeco Slacks
272/83,Tussle Breeches
278/53,Kheper Kecks
278/54,Paean Tights
278/55,Auspex Slops
278/56,Hrafn Hose
278/57,Tenryu Hakama
281/5,Akasha chaps
281/6,Alcedo cuisses
281/117,River Shorts
282/0,Abatteur subligar?
282/26,Decennial Tights
282/88,Dux Cuisses
282/89,Chelona Trousers
291/112, Geomancy pants (GEO AF1)
292/84, Runeist trousers (RUN AF1)
291/19, Karieyh Brayettes
291/20, Thurandaut Tights
289/0, Orvail Pants
291/21, Morass pants
292/85, Xux / Nahtirah
301/60, Mikinaak Cuisses
301/61, Manibozho Brais
301/62, Bokwus Slops
304/56, Rustic Trunks
305/19, Bagua pants (GEO AF2)
306/10, Futhark trousers (RUN AF2)
306/11, Gorney Brayettes
306/12, Shneddick Tights
306/13, Weatherspoon Pants
307/60, Alliance pants
308/88, Quiahuiz leggings
312/98, Qaaxo Tights
312/99, Artsieq Hose
312/100, Xaddi Cuisses
315/92, Erilaz leg guards (RUN AF3)
317/63, Shokujo hanmomohiki
325/44, Miasmic Pants
327/56,Azimuth tights (GEO AF3)
327/114, Pupil's Trousers
331/9, Despair cuisses
331/10, Pursuer's pants
331/11, Psycloth lappas
331/12, Eschite cuisses
331/13, Rawhide trousers
331/14, Naga hakama
331/15, Vanya slops
335/15, Cossie bottom
336/93, Founder's hose
336/94, Samnuha Tights
336/95, Agent pants
339/16, Gyve trousers
339/34, Track pants
344/73, Odyssean cuisses
344/74, Valorus hose
346/38, Merlinic shalwar
348/73, Chironic hose
349/33, Dashing subligar
349/70, Herculean trousers
307/60, Alliance pants
355/62,Pink Panties
357/72,Swim Trunks
362/66,Malignance Tights
364/106,Cait Sith Subligar
364/52,Morbol Subligar
367/82,Ikenga's Trousers
367/83,Gleti's Breeches
367/84,Sakpata's Cuisses
367/85,Mpaca's Hose
367/86,Agwu's Slops
367/87,Bunzi's Pants
368/119,Nyame Flanchard
369/125,Ziamet Salvars
374/80,Denim Pants
374/81,Esthete's Hose