47/123,None
157/48,Invisible
47/124,Leather Highboots
47/125,Plate Leggings
47/126,Solea
47/127,Shinobi Kyahan
48/0,Greaves
48/1,Lizard Ledelsens
48/2,Raptor Ledelsens
48/3,Tarutaru Clomps
48/4,Sune-Ate
48/5,Shoes
48/6,Moccasins
48/7,Royal Squire's Sollerets
48/8,Royal Knight's Sollerets
48/9,Leggings
48/10,Bronze Leggings
48/11,Bone Leggings
48/12,Kyahan
48/13,Chestnut Sabots
48/14,Tactician Magician's Pigaches
48/15,Ash Clogs
48/16,Gaiters
48/17,Darksteel Sabatons
48/18,Socks
48/19,Battle Boots
48/20,Iron Musketeer's Sabatons
48/21,Centurion's Greaves
48/22,Gavial Greaves
48/23,Scale Greaves
48/24,Mythril Leggings
48/25,Wonder Clomps
94/42,Fighter's Calligae (WAR AF1)
94/43,Temple Hose (MNK AF1)
94/44,Healer's Duckbills (WHM AF1)
94/45,Wizard's Sabots (BLM AF1)
94/46,Warlock's Boots (RDM AF1)
94/47,Rogue's Poulaines (THF AF1)
96/79,Gallant Leggings (PLD AF1)
96/80,Chaos Sollerets (DRK AF1)
96/81,Beast Gaiters (BST AF1)
96/82,Choral Slippers (BRD AF1)
96/83,Hunter's Socks (RNG AF1)
99/42,Myochin Sune-Ate (SAM AF1)
99/43,Ninja Kyahan (NIN AF1)
99/44,Drachen Greaves (DRG AF1)
99/45,Evoker's Pigaches (SMN AF1)
157/107,Magus Charuqs (BLU AF1)
163/59,Corsair's Bottes (COR AF1)
163/60,Puppetry Babouches (PUP AF1)
198/82,Dancer's Shoes (m) (DNC AF1)
198/83,Dancer's Shoes (f) (DNC AF1)
198/84,Scholar's Loafers (SCH AF1)
119/32,Tiger Ledelsens
119/33,Iron Greaves
121/48,Steel Greaves
121/49,Coeurl Ledelsens
121/50,Adaman Sabatons
121/51,Coral Leggings
121/52,Noble's Pumps
121/53,Thick Sollerets
121/54,Arhat's Sune-Ate
121/55,Dragon Greaves
124/109,Rasetsu Sune-Ate
124/110,Crimson Greaves
124/111,Adaman Sollerets
124/112,Ogre Ledelsens
124/113,Koenig Schuhs
125/60,War Boots
127/25,Yasha Sune-Ate
127/26,Suzaku's Sune-Ate
127/27,Hecatomb Leggings
127/28,Errant Pigaches
127/29,Fisherman's Boots
127/30,Chocobo Boots
127/31,Vagabond's Boots
129/116,Field Boots
129/117,Shura Sune-Ate
129/118,Zenith Pumps
129/119,Dusk Ledelsens
129/120,Dragon Leggings
134/41,Warrior's Calligae (WAR AF2)
134/42,Melee Gaiters (MNK AF2)
134/43,Cleric's Duckbills (WHM AF2)
134/44,Sorcerer's Sabots (BLM AF2)
134/45,Duelist's Boots (RDM AF2)
134/46,Assassin's Poulaines (THF AF2)
134/47,Valor Leggings (PLD AF2)
134/48,Abyss Sollerets (DRK AF2)
134/49,Monster Gaiters (BST AF2)
134/50,Bard's Slippers (BRD AF2)
134/51,Scout's Socks (RNG AF2)
134/52,Saotome Sune-Ate (SAM AF2)
134/53,Koga Kyahan (NIN AF2)
134/54,Wyrm Greaves (DRG AF2)
134/55,Summoner's Pigaches (SMN AF2)
214/117,Mirage Charuqs (BLU AF2)
214/118,Commodore Bottes (COR AF2)
214/119,Pantin Babouches (PUP AF2)
218/10,Etoile Shoes (m) (DNC AF2)
218/11,Etoile Shoes (f) (DNC AF2)
217/95,Argute Loafers (SCH AF2)
134/56,Austere Sabots
134/57,Opaline Boots
138/34,Waders
144/113,Hydra Spats
144/114,Shade Leggings
144/115,Garish Pumps
144/116,Seer's Pumps
144/117,Hydra Gaiters
144/118,Noct Gaiters
146/9,Bison Gamashes
146/10,Sha'ir Crackows
146/59,Barone Gambieras
146/98,Igqira Huaraches
148/32,Eisenschuhs
149/47,Lord's Sabatons
150/73,Hachiman Sune-Ate
150/74,Blessed Pumps
151/61,Wise Pigaches
153/32,Unicorn Leggings
153/69,Trader's Pigaches
154/78,Alumine Solerets
155/8,Black Sollerets
157/108,Nashira Crackows
158/46,Homam Gambieras
158/105,Trader's Pigaches (Black)
159/12,Crow Gaiters
154/6,Hydra Sollerets
160/80,Hydra Boots
163/61,Sipahi Boots
163/62,Jaridah Nails
166/52,Amir Boots
166/53,Pahluwan Crackows
166/54,Yigit Crackows
174/104,Ares's Sollerets
174/105,Skadi's Jambeaux
176/13,Usukane Sune-Ate
176/14,Marduk's Crackows
176/15,Morrigan's Pigaches
183/19,Goliard Clogs
182/28,Denali Gamashes
183/18,Askar Gambieras
185/109,Shadow Sabatons
186/17,Shadow Clogs
196/125,Dream Boots
199/67,Cobra Unit Boots
196/96,Cobra Unit Sabots
201/41,Iron Ram Sollerets
199/15,Fourth Division Boots
199/14,Bastokan Armor
195/89,Karasutengu Kogake
207/46,Hachiryu Sune-Ate
217/96,Noble Poulaines
219/77,Gothic Sabatons
237/35,Ebon Sabatons
237/36,Furia Sabatons
237/37,Ebur Sabatons
237/38,Ebon Greaves
237/39,Furia Greaves
237/40,Ebur Greaves
237/41,Ebon Sollerets
237/42,Furia Sollerets
237/43,Ebur Sollerets
237/44,Ebon Leggings
237/45,Furia Leggings
237/46,Ebur Leggings
229/35,Ebon Boots
229/36,Furia Boots
229/37,Ebur Boots
229/38,Ebon Socks
229/39,Furia Socks
229/40,Ebur Socks
229/41,Shikkoku Sune-ate
229/42,Shinku Sune-ate
229/43,Ginhaku Sune-ate
229/44,Ebon Gaiters
230/18,Furia Gaiters
230/19,Ebur Gaiters
233/109,Ebon Brogues
233/110,Furia Brogues
233/111,Ebur Brogues
233/112,Ebon Sabots
233/113,Furia Sabots
233/114,Ebur Sabots
233/115,Ebon Galoshes
233/116,Furia Galoshes
233/117,Ebur Galoshes
233/118,Ebon Clogs
233/119,Furia Clogs
233/120,Ebur Clogs
240/80,Spritewarden's Sabatons
248/88,Serpentes Sabots
248/89,Praeda Sabatons
248/90,Augur's Gaiters
248/91,Perle Solerets
248/92,Teal Pigaches
248/93,Aurore Gaiters
241/52,Goetia Sabots (BLM AF3)
241/53,Creed Sabatons (PLD AF3)
244/35,Ravager's Calligae (WAR AF3)
244/36,Estoqueur's Houseeaux (RDM AF3)
253/2,Tantra Gaiters (MNK AF3)
253/3,Raider's Poulaines (THF AF3)
253/4,Bale Sollerets (DRK AF3)
253/5,Ferine Ocreae (BST AF3)
253/6,Aoidos' Cothurnes (BRD AF3)
253/7,Unkai Sune-Ate (SAM AF3)
253/8,Iga Kyahan (NIN AF3)
253/9,Lancer's Schynbalds (DRG AF3)
253/10,Mavi Basmak (BLU AF3)
253/11,Navarch's Bottes (COR AF3)
253/12,Cirque Scarpe (PUP AF3)
253/13,Savant's Loafers (m) (SCH AF3)
253/14,Savant's Loafers (f) (SCH AF3)
254/42,Orison Duckbills (WHM AF3)
254/102,Charis Toeshoes (m) (DNC AF3)
254/103,Charis Toeshoes (f) (DNC AF3)
256/65,Sylvan Bottillons (RNG AF3)
256/66,Caller's Pigaches (SMN AF3)
264/58,Calmecac Leggings
264/59,Jingang Greaves
264/60,Menhit Leggings
271/119,Ogier's Leggings
271/120,Athos's Boots
271/121,Rubeus Boots
278/32,Kheper Gamashes
278/33,Paean Boots
278/34,Auspex Nails
278/35,Hrafn Gambieras
278/36,Tenryu Sune-Ate
280/126,???
280/127,???
282/80,Dux Greaves
282/81,Chelona Boots
288/90,Ocular Boots
291/102, Geomancy sandals (m) (GEO AF1)
291/103, Geomancy sandals (f) (GEO AF1)
292/76, Runeist bottes (RUN AF1)
291/1, Karieyh Sollerets
291/2, Thurandaut Boots
291/3, Orvail Souliers
291/4, Morass boots (m)
291/5, Morass boots (f)
292/75, Chocaliztli / Whirlpool
301/48, Mikinaak Greaves
301/49, Manibozho Boots
301/50, Bokwus Boots
304/49, Uk'uxkaj boots
305/14, Bagua sandals (m) (GEO AF2)
305/15, Bagua sandals (f) (GEO AF2)
305/122, Futhark bottes (RUN AF2)
305/123, Gorney Sollerets
305/124, Shneddick Boots
305/125, Weatherspoon Souliers
310/94, Thatch boots (m)
310/95, Thatch boots (f)
312/86, Qaaxo Leggings
312/87, Artsieq Boots
312/88, Xaddi Boots
315/85, Erilaz greaves (RUN AF3)
325/31, Punchinellos
327/45, Azimuth Gaiters (GEO AF3)
327/111, Pupil's shoes (m)
327/112, Pupil's Shoes (f)
330/88, Despair greaves
330/89, Pursuer's gloves
330/90, Psycloth shoes
330/91, Eschite greaves
330/92, Rawhide boots
330/93, Naga kyahan
330/94, Vanya clogs
336/73, Founder's Greaves
336/74, Agent boots
336/75, Starlet boots
344/45, Odyssean greaves
344/46, Valorus greaves
346/34, Merlinic crackows
348/69, Chironic slippers
349/65, Herculean boots (m)
349/66, Herculean boots (f)
307/57, Alliance boots (m)
307/58, Alliance boots (f)
362/60,Malignance Boots
367/43,Ikenga's Clogs
367/44,Gleti's Boots
367/45,Sakpata's Leggings
367/46,Mpaca's Boots
367/47,Agwu's Pigaches
367/48,Bunzi's Sabots
368/115,Nyame Solerets
369/116,Ziamet Nails