42/100,None
133/63, Invisible
42/101,Leather Gloves
42/102,Gauntlets
42/103,Mitts
42/104,Shinobi Tekko
42/105,Chain Mittens
42/106,Lizard Gloves
42/107,Raptor Gloves
42/108,Elvaan Gauntlets
42/109,Kote
42/110,Linen Mitts
42/111,Black Mitts
42/112,Royal Squire's Mufflers
42/113,Royal Knight's Mufflers
42/114,Iron Mittens
42/115,Bronze Mittens
42/116,Bone Mittens
42/117,Tekko
42/118,Wool Cuffs
42/119,Tactician Magician's Cuffs
42/120,Cuffs
42/121,Gloves
42/122,Darksteel Gauntlets
42/123,Bracers
42/124,Battle Bracers
42/125,Iron Musketeer's Gauntlets
42/126,Centurion's Finger Gauntlets
42/127,Gavial Finger Gauntlets
43/0,Scale Finger Gauntlets
43/1,Mythril Gauntlets
43/2,Magna Gauntlets
93/123,Fighter's Mufflers (WAR AF1)
93/124,Temple Gloves (MNK AF1)
93/125,Healer's Mitts (WHM AF1)
93/126,Wizard's Gloves (BLM AF1)
93/127,Warlock's Gloves (RDM AF1)
94/0,Rogue's Armlets (THF AF1)
96/44,Gallant Gauntlets (PLD AF1)
96/45,Chaos Gauntlets (DRK AF1)
96/46,Beast Gloves (BST AF1)
96/47,Choral Cuffs (BRD AF1)
96/48,Hunter's Bracers (RNG AF1)
99/0,Myochin Kote (SAM AF1)
99/1,Ninja Tekko (NIN AF1)
99/2,Drachen Finger Gauntlets (DRG AF1)
99/3,Evoker's Bracers (SMN AF1)
162/67,Magus Bazubands (BLU AF1)
162/68,Corsair's Gants (COR AF1)
162/69,Puppetry Dastanas (PUP AF1)
198/64,Dancer's Bangles (DNC AF1)
198/65,Scholar's Bracers (SCH AF1)
119/20,Tiger Gloves
119/21,Iron Finger Gauntlets
120/115,Steel Finger Gauntlets
120/116,Coeurl Gloves
120/117,Adaman Gauntlets
120/118,Coral Mittens
120/119,Noble's Mitts
120/120,Thick Mufflers
120/121,Arhat's Tekko
120/122,Dragon Finger Gauntlets
124/74,Rasetsu Tekko
124/75,Crimson Finger Gauntlets
124/76,Adaman Mufflers
124/77,Ogre Gloves
124/78,Koenig Handschuhs
125/53,War Gloves
126/95,Yasha Tekko
126/96,Seiryu's Kote
126/97,Hecatomb Mittens
126/98,Errant Cuffs
126/99,Fisherman's Gloves
126/100,Chocobo Gloves
126/101,Vagabond's Gloves
129/75,Field Gloves
129/76,Shura Kote
129/77,Zenith Mitts
129/78,Carapace Gauntlets
129/79,Dusk Gloves
129/80,Dragon Mittens
133/46,Warrior's Mufflers (WAR AF2)
133/47,Melee Gloves (MNK AF2)
133/48,Cleric's Mitts (WHM AF2)
133/49,Sorcerer's Gloves (BLM AF2)
133/50,Duelist's Gloves (RDM AF2)
133/51,Assassin's Armlets (THF AF2)
133/52,Valor Gauntlets (PLD AF2)
133/53,Abyss Gauntlets (DRK AF2)
133/54,Monster Gloves (BST AF2)
133/55,Bard's Cuffs (BRD AF2)
133/56,Scout's Bracers (RNG AF2)
133/57,Saotome Kote (SAM AF2)
133/58,Koga Tekko (NIN AF2)
133/59,Wyrm Finger Gauntlets (DRG AF2)
133/60,Summoner's Bracers (SMN AF2)
214/31,Mirage Bazubands (BLU AF2)
214/32,Commodore Gants (COR AF2)
214/33,Pantin Dastanas (PUP AF2)
217/127,Etoile Bangles (DNC AF2)
217/87,Argute Bracers (SCH AF2)
133/61,Scorpion Gauntlets
133/62,Austere Cuffs
133/63,-for Opaline Dress-
137/113,Carpenter's Gloves
137/114,Smithy's Mitts 
144/65,Hydra Mitts
144/66,Shade Mittens
144/67,Garish Mitts
144/68,Seer's Mitts
144/69,Hydra Gloves
144/70,Noct Gloves
145/121,Bison Wristbands
145/122,Sha'ir Gages
146/52,Barone Manopolas
146/91,Igqira Manillas
148/25,Eisenhentzes
149/33,Lord's Gauntlets
150/57,Hachiman Kote
150/58,Blessed Mitts
151/54,Wise Gloves
153/25,Unicorn Mittens
153/62,Trader's Cuffs
154/69,Alumine Moufles
155/1,Black Gadlings
157/95,Nashira Gages
158/36,Homam Manopolas
158/98,Trader's Cuffs (Black)
159/5,Crow Bracers
153/121,Hydra Moufles
160/73,Hydra Bracers
163/37,Sipahi Dastanas
163/38,Jaridah Bazubands
166/30,Amir Kolluks
166/31,Pahluwan Dastanas
166/32,Yigit Gages
133/63,-for Elvaan Top-
174/90,Ares's Gauntlets
174/91,Skadi's Bazubands
175/120,Usukane Gote
175/121,Marduk's Dastanas
175/122,Morrigan's Cuffs
182/125,Goliard Cuffs
182/20,Denali Wristbands
182/124,Askar Manopolas
185/102,Shadow Gauntlets
186/9,Shadow Cuffs
199/60,Cobra Unit Gloves
200/94,Cobra Unit Mittens
201/33,Iron Ram Dastanas
199/1,Fourth Division Hentzes
199/0,Bastokan Armor
195/86,Orcish Gauntlets
196/72,San d'Orian Armor
133/63,-for Magna Top-
207/40,Hachiryu Kote
219/71,Gothic Gauntlets
225/78,Synergy Gloves
236/79,Ebon Dastanas
236/80,Furia Dastanas
236/81,Ebur Dastanas
236/82,Ebon Mufflers
236/83,Furia Mufflers
236/84,Ebur Mufflers
236/85,Ebon Moufles
236/86,Furia Moufles
236/87,Ebur Moufles
236/88,Ebon Gauntlets
236/89,Furia Gauntlets
236/90,Ebur Gauntlets
228/92,Ebon Gloves
228/93,Furia Gloves
228/94,Ebur Gloves
228/95,Ebon Bracers
228/96,Furia Bracers
228/97,Ebur Bracers
228/98,Shikkoku Kote
228/99,Shinku Kote
228/100,Ginhaku Kote
228/101,Ebon Wristbands
230/4,Furia Wristbands
230/5,Ebur Wristbands
233/25,Ebon Gants
233/26,Furia Gants
233/27,Ebur Gants
233/28,Ebon Cuffs
233/29,Furia Cuffs
233/30,Ebur Cuffs
233/31,Ebon Gages
233/32,Furia Gages
233/33,Ebur Gages
233/34,Ebon Mitts
233/35,Furia Mitts
233/36,Ebur Mitts
133/63,-for Dinner Jacket-
248/36,Serpentes Cuffs
248/37,Praeda Gauntlets
248/38,Timarli Dastanas
248/39,Augur's Gloves
248/40,Ocelot Gloves
248/41,Perle Moufles
248/42,Teal Cuffs
248/43,Aurore Gloves
241/38,Goetia Gloves (BLM AF3)
241/39,Creed Gauntlets (PLD AF3)
244/21,Ravager's Mufflers (WAR AF3)
244/22,Estoqueur's Gantherots (RDM AF3)
252/42,Tantra Gloves (MNK AF3)
252/43,Raider's Armlets (THF AF3)
252/44,Bale Gauntlets (DRK AF3)
252/45,Ferine Manoplas (BST AF3)
252/46,Aoidos' Manchettes (BRD AF3)
252/47,Unkai Kote (SAM AF3)
252/48,Iga Tekko (NIN AF3)
252/49,Lancer Vambraces (DRG AF3)
252/50,Mavi Bazuband (BLU AF3)
252/51,Navarch's Gants (COR AF3)
252/52,Cirque Guanti (PUP AF3)
252/53,Savant's Bracers (SCH AF3)
254/35,Orison Mitts (WHM AF3)
254/91,Charis Bangles (DNC AF3)
256/51,Sylvan Glovelettes (RNG AF3)
256/52,Caller's Bracers (SMN AF3)
133/63,-for Novennial Dress-
270/88,Brego Gloves
271/93,Ogier's Gauntlets
271/94,Athos's Gloves
271/95,Rubeus Gloves
277/124,Kheper Wristbands
277/125,Paean Cuffs
277/126,Auspex Gages
277/127,Hrafn Gauntlets
278/0,Tenryu Tekko
280/112, Paalaka gloves
280/113, Aneirin's gloves
280/114, Alcedo gauntlets
282/66,Dux Finger Gauntlets
282/67,Chelona Gloves
287/76,Dream Mittens 
291/86, Geomancy mitaines (GEO AF1)
292/61, Runeist mitons (RUN AF1)
290/100, Karieyh Moufles
290/101, Thurandaut Gloves
290/102, Orvail Cuffs
290/103, Councilor's cuffs
292/60, Yaoyotl / Quauhpilli
301/27, Mikinaak Gauntlets
301/28, Manibozho Gloves
301/29, Bokwus Gloves
304/37, Buremte Gloves
305/3, Bagua mitaines (GEO AF2)
305/94, Futhark mitons (RUN AF2)
305/95, Gorney Moufles
305/96, Shneddick Gloves
305/97, Weatherspoon Cuffs
310/81, Work Gloves
312/65, Qaaxo Mitaines
312/66, Artsieq Cuffs
312/67, Xaddi Gauntlets
315/75, Erilaz gauntlets (RUN AF3)
325/16, Crusher's Gauntlets
327/31, Azimuth Gloves (GEO AF3)
330/18, Despair finger gauntlets
330/19, Pursuer's cuffs
330/20, Psycloth manillas
330/21, Eschite gauntlets
330/22, Rawhide gloves
330/23, Naga tekko
330/24, Vanya cuffs
336/42, Founder's gauntlets
336/43, Starlet gloves
344/8, Composer's mitts
344/9, Odyssean gauntlets 
344/10, Valorus mitts
346/27, Merlinic dastanas
348/62, Chironic gloves
349/54, Herculean gloves
352/91,Delegate's Cuffs
362/51,Malignance Gloves
366/114,Ikenga's Gloves
366/115,Gleti's Gauntlets
366/116,Sakpata's Gauntlets
366/117,Mpaca's Gloves
366/118,Agwu's Gages
366/119,Bunzi's Gloves
368/108,Nyame Gauntlets
369/104,Ziamet Bazubands